{"cameraMode":{"drawMode":0,"name":"Shaded","section":"Shading Mode"},"sceneLighting":true,"audioPlay":false,"sceneViewState":{"m_AlwaysRefresh":false,"showFog":true,"showSkybox":true,"showFlares":true,"showImageEffects":true,"showParticleSystems":true,"showVisualEffectGraphs":true,"m_FxEnabled":true},"in2DMode":false,"pivot":{"x":-2.201488971710205,"y":0.03580963611602783,"z":18.58614730834961},"rotation":{"x":-0.11497829109430313,"y":0.09876677393913269,"z":-0.011489513330161572,"w":-0.9883794188499451},"size":14.287508010864258,"orthographic":false}